"Address","Content Type","Size (bytes)","IMG Inlinks","Indexability","Indexability Status","Dimensions"
"https://media.zid.store/thumbs/460f2314-34b1-48d9-8485-5f4900dd415b/bbff4602-6c20-4ea0-8dfa-e0688537b478-thumbnail-1000x1000.png","image/png","223288","21","Indexable","",""
"https://media.zid.store/thumbs/460f2314-34b1-48d9-8485-5f4900dd415b/b395724e-216c-43d0-810c-365565f29c09-thumbnail-1000x1000.png","image/png","271686","32","Indexable","",""
"https://media.zid.store/460f2314-34b1-48d9-8485-5f4900dd415b/b5c9bed5-097f-4a81-b3bd-492bb073596c.png","image/png","1648169","2","Indexable","",""
"https://media.zid.store/thumbs/460f2314-34b1-48d9-8485-5f4900dd415b/bedcbcb4-8177-4b74-bd59-53a468146ada-thumbnail-1000x1000.png","image/png","160740","23","Indexable","",""
"https://media.zid.store/thumbs/460f2314-34b1-48d9-8485-5f4900dd415b/3b9c9610-69a4-4a92-a47c-e3d67da0e8df-thumbnail-1000x1000.png","image/png","396208","29","Indexable","",""
"https://media.zid.store/thumbs/460f2314-34b1-48d9-8485-5f4900dd415b/80ab7f00-6795-4cbc-b59c-50cd8ca59b35-thumbnail-1000x1000.png","image/png","339616","23","Indexable","",""
"https://media.zid.store/thumbs/460f2314-34b1-48d9-8485-5f4900dd415b/5fb35998-58cf-4bfe-8b89-6b0516cff75d-thumbnail-1000x1000.png","image/png","370696","29","Indexable","",""
"https://media.zid.store/460f2314-34b1-48d9-8485-5f4900dd415b/4133d3d4-bc7c-48d9-8e5d-9c61b695f226.jpg","image/jpeg","745820","1","Indexable","",""
"https://media.zid.store/thumbs/460f2314-34b1-48d9-8485-5f4900dd415b/697e4a7a-50b5-4879-af07-f572cc71d5ab-thumbnail-1000x1000.png","image/png","177800","24","Indexable","",""
"https://media.zid.store/460f2314-34b1-48d9-8485-5f4900dd415b/11f0e39b-684d-4cae-afc8-ad04199979c2.jpg","image/jpeg","597039","2","Indexable","",""
"https://media.zid.store/thumbs/460f2314-34b1-48d9-8485-5f4900dd415b/ae475b9f-7fde-4fca-91c9-7bc4e8251eb4-thumbnail-1000x1000.png","image/png","193197","23","Indexable","",""
"https://media.zid.store/thumbs/460f2314-34b1-48d9-8485-5f4900dd415b/062aaad2-64ce-4d4b-8db5-283563344972-thumbnail-1000x1000.png","image/png","507619","34","Indexable","",""
"https://media.zid.store/thumbs/460f2314-34b1-48d9-8485-5f4900dd415b/cf66cc9c-6105-46f5-b43a-c686f9827227-thumbnail-1000x1000.png","image/png","352610","25","Indexable","",""
"https://media.zid.store/460f2314-34b1-48d9-8485-5f4900dd415b/e7efaf9f-42a0-490e-8b26-5949f5e30592.png","image/png","1027607","2","Indexable","",""
"https://media.zid.store/460f2314-34b1-48d9-8485-5f4900dd415b/b2222763-83fb-4f96-b278-19f56b72ed19.png","image/png","1145850","1","Indexable","",""
"https://media.zid.store/460f2314-34b1-48d9-8485-5f4900dd415b/6baee6c6-ccf0-42c4-86b6-840b59da02d2.jpg","image/jpeg","602318","2","Indexable","",""
"https://media.zid.store/460f2314-34b1-48d9-8485-5f4900dd415b/d601e48f-e862-4fd5-9233-b524aeb5dfae.png","image/png","255194","1","Indexable","",""
"https://media.zid.store/460f2314-34b1-48d9-8485-5f4900dd415b/36eb0230-019a-4594-b686-2bc17c387a0c.png","image/png","584823","1","Indexable","",""
"https://media.zid.store/thumbs/460f2314-34b1-48d9-8485-5f4900dd415b/33f4754a-97db-4d43-b43f-0d5aa83bf60e-thumbnail-500x500.png","image/png","209134","1","Indexable","",""
"https://media.zid.store/thumbs/460f2314-34b1-48d9-8485-5f4900dd415b/8fdee044-5839-40a0-b7f9-65ca9abada43-thumbnail-1000x1000.png","image/png","775472","1","Indexable","",""
"https://media.zid.store/460f2314-34b1-48d9-8485-5f4900dd415b/d739f9b3-8e06-4924-b92e-2dc608658b6c.png","image/png","1154259","1","Indexable","",""
"https://media.zid.store/thumbs/460f2314-34b1-48d9-8485-5f4900dd415b/ee33a728-8539-4c5b-930b-16d4d1192df8-thumbnail-1000x1000.png","image/png","1222625","1","Indexable","",""
"https://media.zid.store/thumbs/460f2314-34b1-48d9-8485-5f4900dd415b/cecfab64-c54f-416c-b9af-9b8c89c25453-thumbnail-500x500.png","image/png","288389","1","Indexable","",""
"https://media.zid.store/thumbs/460f2314-34b1-48d9-8485-5f4900dd415b/ee33a728-8539-4c5b-930b-16d4d1192df8-thumbnail-500x500.png","image/png","334046","1","Indexable","",""
"https://media.zid.store/thumbs/460f2314-34b1-48d9-8485-5f4900dd415b/0b9a50fd-da93-4833-829a-a2d73dbf02a8-thumbnail-1000x1000.png","image/png","1050230","1","Indexable","",""
"https://media.zid.store/thumbs/460f2314-34b1-48d9-8485-5f4900dd415b/d417e807-fb0d-4309-917f-722967effb16-thumbnail-500x500.png","image/png","218267","1","Indexable","",""
"https://media.zid.store/thumbs/460f2314-34b1-48d9-8485-5f4900dd415b/cecfab64-c54f-416c-b9af-9b8c89c25453-thumbnail-1000x1000.png","image/png","1140481","1","Indexable","",""
"https://media.zid.store/thumbs/460f2314-34b1-48d9-8485-5f4900dd415b/d417e807-fb0d-4309-917f-722967effb16-thumbnail-1000x1000.png","image/png","1043472","1","Indexable","",""
"https://media.zid.store/thumbs/460f2314-34b1-48d9-8485-5f4900dd415b/0b9a50fd-da93-4833-829a-a2d73dbf02a8-thumbnail-500x500.png","image/png","249675","1","Indexable","",""
"https://media.zid.store/460f2314-34b1-48d9-8485-5f4900dd415b/6d68b171-4b94-4c0f-a20b-9428bf5bf7b7.jpg","image/jpeg","468010","1","Indexable","",""
"https://media.zid.store/thumbs/460f2314-34b1-48d9-8485-5f4900dd415b/3b9c9610-69a4-4a92-a47c-e3d67da0e8df-thumbnail-500x500.png","image/png","106105","1","Indexable","",""
"https://media.zid.store/thumbs/460f2314-34b1-48d9-8485-5f4900dd415b/40f19ba8-6f88-4a8c-9faa-769401d0d1f1-thumbnail-1000x1000.png","image/png","898039","1","Indexable","",""
"https://media.zid.store/thumbs/460f2314-34b1-48d9-8485-5f4900dd415b/0a076591-5c26-4b1f-8ecc-914a9d11d083-thumbnail-500x500.png","image/png","288577","1","Indexable","",""
"https://media.zid.store/thumbs/460f2314-34b1-48d9-8485-5f4900dd415b/33f4754a-97db-4d43-b43f-0d5aa83bf60e-thumbnail-1000x1000.png","image/png","863189","1","Indexable","",""
"https://media.zid.store/thumbs/460f2314-34b1-48d9-8485-5f4900dd415b/40f19ba8-6f88-4a8c-9faa-769401d0d1f1-thumbnail-500x500.png","image/png","213116","1","Indexable","",""
"https://media.zid.store/thumbs/460f2314-34b1-48d9-8485-5f4900dd415b/8fdee044-5839-40a0-b7f9-65ca9abada43-thumbnail-500x500.png","image/png","178660","1","Indexable","",""
"https://media.zid.store/460f2314-34b1-48d9-8485-5f4900dd415b/32e28fd4-32e9-4633-8d0f-4e2956214598.jpg","image/jpeg","394179","1","Indexable","",""
"https://media.zid.store/thumbs/460f2314-34b1-48d9-8485-5f4900dd415b/0a076591-5c26-4b1f-8ecc-914a9d11d083-thumbnail-1000x1000.png","image/png","1209139","1","Indexable","",""
"https://media.zid.store/460f2314-34b1-48d9-8485-5f4900dd415b/a619b107-e7ea-4f7b-b588-dca8072eb0a7.png","image/png","397665","1","Indexable","",""
"https://media.zid.store/460f2314-34b1-48d9-8485-5f4900dd415b/2a21d62c-f341-4e86-b6f0-4b296f9367b6.png","image/png","778958","1","Indexable","",""
"https://media.zid.store/460f2314-34b1-48d9-8485-5f4900dd415b/5afb5240-f53e-4ef2-8963-e5905e663f92.png","image/png","1094475","1","Indexable","",""
"https://media.zid.store/460f2314-34b1-48d9-8485-5f4900dd415b/74b5a3dd-6555-4029-bd1b-0f0909a314d6.png","image/png","742414","1","Indexable","",""
"https://media.zid.store/460f2314-34b1-48d9-8485-5f4900dd415b/2503b9fe-9f52-488c-8d55-c6e8457549f5.png","image/png","905413","1","Indexable","",""
"https://media.zid.store/thumbs/460f2314-34b1-48d9-8485-5f4900dd415b/2e2e8896-25b2-458c-b72e-61c101ade429-thumbnail-1000x1000-70.jpg","image/jpeg","111866","1","Indexable","",""
"https://media.zid.store/thumbs/460f2314-34b1-48d9-8485-5f4900dd415b/f4b528c9-6717-483d-adc5-db5fa69bd349-thumbnail-1000x1000-70.jpg","image/jpeg","108590","1","Indexable","",""
"https://media.zid.store/460f2314-34b1-48d9-8485-5f4900dd415b/175d3fde-b60a-473d-9326-cabd7203c36a.png","image/png","1056905","1","Indexable","",""
"https://media.zid.store/thumbs/460f2314-34b1-48d9-8485-5f4900dd415b/4ee475f5-8685-4ab0-9ed6-f0ff76f12ed0-thumbnail-500x500.png","image/png","327826","1","Indexable","",""
"https://media.zid.store/thumbs/460f2314-34b1-48d9-8485-5f4900dd415b/4622ba92-7465-4bdb-b1de-2d9bae224bb5-thumbnail-500x500.png","image/png","229913","1","Indexable","",""
"https://media.zid.store/thumbs/460f2314-34b1-48d9-8485-5f4900dd415b/23a19bcc-c325-44ec-a00f-8c172f0924f2-thumbnail-500x500.png","image/png","288267","1","Indexable","",""
"https://media.zid.store/thumbs/460f2314-34b1-48d9-8485-5f4900dd415b/23a19bcc-c325-44ec-a00f-8c172f0924f2-thumbnail-1000x1000.png","image/png","1052288","1","Indexable","",""
"https://media.zid.store/thumbs/460f2314-34b1-48d9-8485-5f4900dd415b/4622ba92-7465-4bdb-b1de-2d9bae224bb5-thumbnail-1000x1000.png","image/png","1052011","1","Indexable","",""
"https://media.zid.store/thumbs/460f2314-34b1-48d9-8485-5f4900dd415b/4ee475f5-8685-4ab0-9ed6-f0ff76f12ed0-thumbnail-1000x1000.png","image/png","1207601","1","Indexable","",""
"https://media.zid.store/thumbs/460f2314-34b1-48d9-8485-5f4900dd415b/899cd7c9-1a30-4817-b27f-6236c8cc2c4d-thumbnail-500x500.png","image/png","220454","1","Indexable","",""
"https://media.zid.store/460f2314-34b1-48d9-8485-5f4900dd415b/82d20728-e5f6-4660-9af1-2b560b35ae6d.png","image/png","1121975","1","Indexable","",""
"https://media.zid.store/thumbs/460f2314-34b1-48d9-8485-5f4900dd415b/899cd7c9-1a30-4817-b27f-6236c8cc2c4d-thumbnail-1000x1000.png","image/png","1050785","1","Indexable","",""
"https://media.zid.store/thumbs/460f2314-34b1-48d9-8485-5f4900dd415b/b8bd0d12-f30e-4474-8cd8-f71d7ca6c051-thumbnail-1000x1000.png","image/png","1158338","1","Indexable","",""
"https://media.zid.store/thumbs/460f2314-34b1-48d9-8485-5f4900dd415b/8caa455f-cf93-4f49-8920-bb22b064be3c-thumbnail-500x500.png","image/png","218267","1","Indexable","",""
"https://media.zid.store/thumbs/460f2314-34b1-48d9-8485-5f4900dd415b/206e6373-a3e7-4eea-a79c-a0d7a68b1603-thumbnail-500x500.png","image/png","334046","1","Indexable","",""
"https://media.zid.store/thumbs/460f2314-34b1-48d9-8485-5f4900dd415b/479db99f-9393-420f-a800-5e0d01036cbd-thumbnail-1000x1000.png","image/png","1220443","1","Indexable","",""
"https://media.zid.store/thumbs/460f2314-34b1-48d9-8485-5f4900dd415b/206e6373-a3e7-4eea-a79c-a0d7a68b1603-thumbnail-1000x1000.png","image/png","1222625","1","Indexable","",""
"https://media.zid.store/thumbs/460f2314-34b1-48d9-8485-5f4900dd415b/479db99f-9393-420f-a800-5e0d01036cbd-thumbnail-500x500.png","image/png","306982","1","Indexable","",""
"https://media.zid.store/thumbs/460f2314-34b1-48d9-8485-5f4900dd415b/8caa455f-cf93-4f49-8920-bb22b064be3c-thumbnail-1000x1000.png","image/png","1043472","1","Indexable","",""
"https://media.zid.store/460f2314-34b1-48d9-8485-5f4900dd415b/31713b1b-30c2-42ae-9273-70450e0c7ae7.png","image/png","1153337","1","Indexable","",""
"https://media.zid.store/thumbs/460f2314-34b1-48d9-8485-5f4900dd415b/b8bd0d12-f30e-4474-8cd8-f71d7ca6c051-thumbnail-500x500.png","image/png","249675","1","Indexable","",""
"https://media.zid.store/thumbs/460f2314-34b1-48d9-8485-5f4900dd415b/4be9fa20-b9bc-4244-8425-724892e17c22-thumbnail-500x500.png","image/png","425207","1","Indexable","",""
"https://media.zid.store/thumbs/460f2314-34b1-48d9-8485-5f4900dd415b/8566400a-a386-43fb-9bb4-638b2c9f22b4-thumbnail-1000x1000.png","image/png","1030489","1","Indexable","",""
"https://media.zid.store/thumbs/460f2314-34b1-48d9-8485-5f4900dd415b/8566400a-a386-43fb-9bb4-638b2c9f22b4-thumbnail-500x500.png","image/png","256130","1","Indexable","",""
"https://media.zid.store/thumbs/460f2314-34b1-48d9-8485-5f4900dd415b/4be9fa20-b9bc-4244-8425-724892e17c22-thumbnail-1000x1000.png","image/png","1652935","1","Indexable","",""
"https://media.zid.store/thumbs/460f2314-34b1-48d9-8485-5f4900dd415b/97bbb6da-c3e0-4d51-9a86-1b639b24c155-thumbnail-1000x1000-70.jpg","image/jpeg","136995","1","Indexable","",""
"https://media.zid.store/460f2314-34b1-48d9-8485-5f4900dd415b/a2825372-e0b3-4c16-8eaa-91dd426b60db.png","image/png","1110277","1","Indexable","",""
"https://media.zid.store/thumbs/460f2314-34b1-48d9-8485-5f4900dd415b/33fb0717-f1f5-407f-ac0b-710d05dce206-thumbnail-1000x1000.png","image/png","289711","20","Indexable","",""
"https://media.zid.store/thumbs/460f2314-34b1-48d9-8485-5f4900dd415b/ca0f8866-db77-4b85-a592-808753857819-thumbnail-1000x1000-70.jpg","image/jpeg","110449","1","Indexable","",""
"https://media.zid.store/thumbs/460f2314-34b1-48d9-8485-5f4900dd415b/70b69bbf-962e-4cbf-ab18-a94997a52594-thumbnail-500x500.png","image/png","377893","1","Indexable","",""
"https://media.zid.store/thumbs/460f2314-34b1-48d9-8485-5f4900dd415b/d0a5af19-0941-47bf-b90e-a22e214cc37a-thumbnail-500x500.png","image/png","358829","1","Indexable","",""
"https://media.zid.store/460f2314-34b1-48d9-8485-5f4900dd415b/8fb0e93a-98ce-4bd2-b89e-fe3bc2d02e66.png","image/png","268445","1","Indexable","",""
"https://media.zid.store/thumbs/460f2314-34b1-48d9-8485-5f4900dd415b/d0a5af19-0941-47bf-b90e-a22e214cc37a-thumbnail-1000x1000.png","image/png","1397538","1","Indexable","",""
"https://media.zid.store/460f2314-34b1-48d9-8485-5f4900dd415b/aa9eca43-b138-46ac-8932-a85e57dfa75d.jpg","image/jpeg","474119","1","Indexable","",""
"https://media.zid.store/thumbs/460f2314-34b1-48d9-8485-5f4900dd415b/70b69bbf-962e-4cbf-ab18-a94997a52594-thumbnail-1000x1000.png","image/png","1379319","1","Indexable","",""
"https://media.zid.store/460f2314-34b1-48d9-8485-5f4900dd415b/aa56531c-d436-46ef-9e70-1f0d674ffa5a.png","image/png","1110277","1","Indexable","",""
"https://media.zid.store/thumbs/460f2314-34b1-48d9-8485-5f4900dd415b/01eeb67e-2e81-494b-804b-b3cee3bf7fe9-thumbnail-1000x1000-70.jpg","image/jpeg","120807","1","Indexable","",""
"https://media.zid.store/thumbs/460f2314-34b1-48d9-8485-5f4900dd415b/f349b92e-c55b-42da-8ae1-09f5c1d28a9c-thumbnail-1000x1000.png","image/png","599543","28","Indexable","",""
"https://media.zid.store/thumbs/460f2314-34b1-48d9-8485-5f4900dd415b/86c42a45-598b-4cc0-855a-43bc119ac820-thumbnail-1000x1000-70.jpg","image/jpeg","149230","1","Indexable","",""
"https://media.zid.store/460f2314-34b1-48d9-8485-5f4900dd415b/da2d93db-60eb-4d24-945f-4d60e746e525.png","image/png","275266","1","Indexable","",""
"https://media.zid.store/460f2314-34b1-48d9-8485-5f4900dd415b/8d83d5cf-36c8-4f4b-9adc-c882aacae9e9.png","image/png","1130914","1","Indexable","",""
"https://media.zid.store/thumbs/460f2314-34b1-48d9-8485-5f4900dd415b/83ac55de-5450-40ae-bd09-e0c4096954a7-thumbnail-1000x1000-70.jpg","image/jpeg","124830","1","Indexable","",""
"https://media.zid.store/thumbs/460f2314-34b1-48d9-8485-5f4900dd415b/062aaad2-64ce-4d4b-8db5-283563344972-thumbnail-500x500.png","image/png","142187","1","Indexable","",""
"https://media.zid.store/thumbs/460f2314-34b1-48d9-8485-5f4900dd415b/ed9ddae4-969e-4c1d-95f5-2a88cae79fa4-thumbnail-1000x1000-70.jpg","image/jpeg","141167","1","Indexable","",""
"https://media.zid.store/thumbs/460f2314-34b1-48d9-8485-5f4900dd415b/6080df2e-e245-475a-aecb-89a2d9061382-thumbnail-1000x1000-70.jpg","image/jpeg","111283","1","Indexable","",""
"https://media.zid.store/460f2314-34b1-48d9-8485-5f4900dd415b/8202dff8-d07d-47a2-91ac-a6c443b6bf7d.png","image/png","1110277","1","Indexable","",""
"https://media.zid.store/thumbs/460f2314-34b1-48d9-8485-5f4900dd415b/adbabe6d-cde0-4911-a6ce-95b64b087041-thumbnail-500x500.png","image/png","327826","1","Indexable","",""
"https://media.zid.store/thumbs/460f2314-34b1-48d9-8485-5f4900dd415b/12aae27e-5155-4375-a237-070fbdc7898a-thumbnail-500x500.png","image/png","307678","1","Indexable","",""
"https://media.zid.store/thumbs/460f2314-34b1-48d9-8485-5f4900dd415b/58d9ae00-f3a8-4fc9-9dae-23adb70202e2-thumbnail-1000x1000.png","image/png","1052011","1","Indexable","",""
"https://media.zid.store/460f2314-34b1-48d9-8485-5f4900dd415b/e51b191e-f4d1-44fb-998a-23e75c23922b.png","image/png","1160105","1","Indexable","",""
"https://media.zid.store/thumbs/460f2314-34b1-48d9-8485-5f4900dd415b/59ff3514-8926-49c4-aad4-02e2e996b0a2-thumbnail-500x500.png","image/png","220454","1","Indexable","",""
"https://media.zid.store/thumbs/460f2314-34b1-48d9-8485-5f4900dd415b/12aae27e-5155-4375-a237-070fbdc7898a-thumbnail-1000x1000.png","image/png","1052288","1","Indexable","",""
"https://media.zid.store/thumbs/460f2314-34b1-48d9-8485-5f4900dd415b/58d9ae00-f3a8-4fc9-9dae-23adb70202e2-thumbnail-500x500.png","image/png","229913","1","Indexable","",""
"https://media.zid.store/thumbs/460f2314-34b1-48d9-8485-5f4900dd415b/adbabe6d-cde0-4911-a6ce-95b64b087041-thumbnail-1000x1000.png","image/png","1207601","1","Indexable","",""
"https://media.zid.store/thumbs/460f2314-34b1-48d9-8485-5f4900dd415b/14f4d6ef-9990-42b6-a060-9e70bdfbbb43-thumbnail-500x500.png","image/png","327690","1","Indexable","",""
"https://media.zid.store/thumbs/460f2314-34b1-48d9-8485-5f4900dd415b/bc517014-4899-41a6-a5fe-24ed8b1d9297-thumbnail-500x500.png","image/png","352601","1","Indexable","",""
"https://media.zid.store/thumbs/460f2314-34b1-48d9-8485-5f4900dd415b/bc517014-4899-41a6-a5fe-24ed8b1d9297-thumbnail-1000x1000.png","image/png","1177871","1","Indexable","",""
"https://media.zid.store/thumbs/460f2314-34b1-48d9-8485-5f4900dd415b/59ff3514-8926-49c4-aad4-02e2e996b0a2-thumbnail-1000x1000.png","image/png","1050785","1","Indexable","",""
"https://media.zid.store/thumbs/460f2314-34b1-48d9-8485-5f4900dd415b/14f4d6ef-9990-42b6-a060-9e70bdfbbb43-thumbnail-1000x1000.png","image/png","1199492","1","Indexable","",""
"https://media.zid.store/thumbs/460f2314-34b1-48d9-8485-5f4900dd415b/f349b92e-c55b-42da-8ae1-09f5c1d28a9c-thumbnail-500x500.png","image/png","158662","1","Indexable","",""
"https://media.zid.store/thumbs/460f2314-34b1-48d9-8485-5f4900dd415b/f2b06080-3568-4c3c-88a6-07b964ea5230-thumbnail-1000x1000.png","image/png","1096239","1","Indexable","",""
"https://media.zid.store/thumbs/460f2314-34b1-48d9-8485-5f4900dd415b/b097b321-b9fc-45fe-974b-a4074bb68caa-thumbnail-500x500.png","image/png","350878","1","Indexable","",""
"https://media.zid.store/thumbs/460f2314-34b1-48d9-8485-5f4900dd415b/b097b321-b9fc-45fe-974b-a4074bb68caa-thumbnail-1000x1000.png","image/png","680927","1","Indexable","",""
"https://media.zid.store/thumbs/460f2314-34b1-48d9-8485-5f4900dd415b/f2b06080-3568-4c3c-88a6-07b964ea5230-thumbnail-500x500.png","image/png","297195","1","Indexable","",""
